<?xml version="1.0" encoding="UTF-8"?>
<metadata xml:lang="en"><Esri><CreaDate>20141109</CreaDate><CreaTime>20205200</CreaTime><ArcGISFormat>1.0</ArcGISFormat><ArcGISstyle>FGDC CSDGM Metadata</ArcGISstyle><SyncOnce>TRUE</SyncOnce><DataProperties><lineage><Process ToolSource="c:\program files (x86)\arcgis\desktop10.2\ArcToolbox\Toolboxes\Data Management Tools.tbx\CalculateField" Date="20141109" Time="123118">CalculateField import_sections Name [FID] VB #</Process></lineage><itemProps><itemLocation><linkage Sync="TRUE">file://\\D6520-1215\Users\jadkins\Documents\GitHub\chesapeake-OSM-imports\new\split_sections</linkage><protocol Sync="TRUE">Local Area Network</protocol></itemLocation></itemProps><copyHistory><copy source="C:\Users\jadkins\Documents\Projects\Personal\ches_OSM\split_sections" dest="\\D6520-1215\Users\jadkins\Documents\GitHub\chesapeake-OSM-imports\new\split_sections" date="20141109" time="20205200"></copy></copyHistory></DataProperties></Esri></metadata>
